9	14	84	19	52	35	86	91	40	16	24	16	34	5	68	77	56	98	29	48	27	28	62	84	70	61	48	97	95	28	63	3	10	20	40	21	10	49	65	56	59	93	27	38	69	59	19	65	61	95	8	45	94	91	74	1	59	82	22	31	33	36	79	45	18	73	45	54	55	21	89	49	40	77	79	16	39	58	100	62	87	53	75	57	23	94	27	87	3	65	3	77	60	45	48	55	42	36	5	86	17	16	100	50	62	14	79	6	14	30	98	32	9	96	20	85	94	73	25	97	34	17	31	96	45	56	3	84
65	19	88	25	36	74	67	80	13	19	68	4	67	92	16	54	11	89	9	72	95	99	72	75	56	34	85	74	36	27	90	80	62	92	60	95	95	37	23	20	42	20	67	90	58	15	49	88	44	55	23	7	46	99	52	59	95	34	18	49	96	53	9	12	83	36	12	88	29	1	99	59	22	77	58	30	96	30	55	20	46	89	83	69	26	22	46	56	22	7	79	18	32	76	71	63	31	87	80	38	84	48	60	70	18	73	30	44	47	26	77	95	68	45	56	13	5	61	92	43	62	92	41	56	93	97	24	76
76	29	10	76	58	43	26	43	5	4	27	26	91	61	15	10	23	7	71	43	100	17	18	61	30	10	39	93	83	7	3	1	78	58	3	7	94	35	32	36	82	24	79	30	26	6	60	38	4	46	21	24	38	24	41	2	51	97	11	56	49	36	9	37	40	9	70	87	64	78	22	91	62	88	30	72	89	80	23	31	96	7	97	30	66	95	55	72	69	88	58	91	93	62	59	73	25	46	85	73	86	100	82	43	57	86	41	7	20	12	48	87	33	94	18	95	6	77	63	9	100	13	32	46	5	73	79	15
96	27	57	48	11	9	97	6	23	94	20	9	74	15	81	38	72	95	54	92	72	69	16	16	74	81	22	56	12	62	11	55	78	99	83	70	46	34	20	24	14	9	39	34	75	92	20	98	13	78	68	90	73	27	17	77	40	46	77	97	70	25	81	14	93	61	69	64	23	85	100	56	15	97	77	79	61	13	32	40	48	71	70	99	62	30	60	11	96	57	53	17	39	9	63	64	13	70	24	48	1	84	71	62	98	11	70	92	16	51	47	67	31	84	97	81	54	28	36	9	78	88	89	82	89	56	3	38
86	87	14	64	16	58	1	27	24	37	46	72	69	87	33	37	75	93	49	39	5	90	13	16	60	8	98	11	46	23	82	5	74	94	47	53	98	73	38	39	87	65	69	32	32	63	53	92	35	18	7	80	70	23	62	3	15	18	30	9	5	93	69	72	14	79	16	94	30	100	75	7	98	100	54	81	22	61	42	89	67	80	11	61	40	4	71	6	23	41	51	84	26	48	50	18	64	86	96	64	23	59	51	31	72	11	82	90	96	33	35	14	86	52	31	60	60	71	74	75	55	11	32	34	53	60	19	88
9	71	35	16	21	41	82	1	49	71	39	100	15	89	25	24	10	54	18	50	44	86	82	72	87	64	58	2	86	34	17	76	22	6	4	96	97	87	67	6	14	65	14	67	62	89	80	29	46	99	68	6	40	45	81	3	26	26	73	63	23	99	11	56	17	12	4	79	80	45	48	88	65	60	67	9	89	86	57	90	69	44	97	81	44	100	46	90	8	47	29	96	19	76	19	72	39	11	27	66	79	3	36	54	12	60	93	72	58	25	49	17	21	51	26	17	55	6	100	35	48	83	63	11	76	6	92	93
68	64	71	70	66	56	48	26	22	66	67	91	36	21	63	36	63	15	50	38	80	29	38	18	56	49	76	74	99	53	10	54	59	34	71	78	51	17	37	91	55	16	79	39	54	37	14	93	40	47	61	16	79	49	48	75	7	95	100	79	18	39	83	41	49	60	98	91	69	79	99	49	47	85	97	89	98	84	24	4	2	43	51	71	45	30	62	98	15	41	55	97	95	19	14	32	42	66	98	15	87	18	24	40	18	91	81	92	75	26	81	48	76	85	63	9	14	64	56	47	21	96	16	100	53	14	10	25
10	4	80	50	36	36	59	55	45	44	41	42	96	99	16	4	39	76	84	65	21	49	87	44	6	3	62	99	29	30	23	72	80	58	75	17	26	64	36	90	81	40	48	52	9	44	5	96	2	65	22	33	68	53	56	29	31	57	46	91	65	68	79	19	74	86	7	81	43	44	8	20	65	68	27	2	92	68	79	7	69	65	89	50	62	18	38	43	91	48	96	45	34	92	90	6	39	96	84	90	24	29	58	72	47	1	11	16	18	26	74	53	2	8	61	100	50	12	32	19	3	70	73	62	15	51	89	19
80	65	37	80	48	42	5	37	50	59	9	97	85	93	7	36	41	81	95	35	59	83	20	76	100	8	15	87	60	67	97	25	75	45	6	82	54	86	42	19	69	77	78	69	43	2	36	99	1	100	56	64	42	78	40	61	66	54	98	91	52	43	34	34	50	1	14	48	55	69	98	59	12	5	90	85	59	13	98	89	96	63	30	75	40	59	6	12	85	37	44	5	93	100	6	27	3	94	34	45	91	84	26	14	41	66	6	27	53	26	99	60	73	7	71	91	79	43	24	82	30	2	68	28	22	84	35	72
17	22	62	55	94	50	12	98	14	26	58	43	56	87	61	8	3	74	72	13	48	82	86	2	23	14	78	72	63	93	9	72	5	15	69	33	84	20	11	6	65	60	36	72	13	48	64	53	94	92	63	34	97	24	46	54	100	30	35	70	26	55	69	28	68	45	77	76	25	21	58	61	21	65	28	79	84	43	20	91	83	62	21	2	69	29	30	16	27	100	62	97	73	13	98	76	45	29	19	39	36	23	73	83	73	18	25	30	37	91	39	12	60	7	36	93	100	67	80	44	13	38	47	66	84	85	31	24
50	82	65	88	30	25	97	54	75	11	39	77	45	59	54	1	51	36	5	67	59	78	67	70	58	55	11	86	64	44	24	65	59	13	77	22	80	24	80	38	71	37	3	71	59	32	97	56	58	78	65	45	27	30	79	11	98	68	92	89	64	57	9	52	52	1	63	46	27	2	66	97	80	82	78	31	65	26	92	75	80	71	46	59	20	70	14	66	73	85	50	3	3	83	2	96	71	77	34	71	47	87	16	69	27	5	49	96	62	2	17	72	88	89	52	16	87	94	41	47	97	21	70	96	1	77	75	56
49	58	42	97	53	93	52	40	93	7	85	14	32	39	26	64	28	51	66	53	70	58	3	90	58	16	31	15	29	51	100	58	49	89	56	11	4	4	5	97	27	72	27	96	80	59	44	15	74	17	6	6	68	48	3	52	58	5	97	33	63	87	87	41	15	95	53	90	2	41	15	54	89	98	11	84	16	66	48	75	28	35	64	15	89	89	39	25	11	68	16	21	28	98	72	89	50	77	20	17	99	90	38	15	39	31	36	35	34	83	77	4	36	42	78	19	39	98	36	58	29	11	62	63	79	26	8	51
25	24	12	19	93	16	42	71	38	6	34	48	59	32	10	92	81	61	11	7	25	38	44	20	26	24	36	55	80	22	20	91	5	54	7	88	13	49	19	69	80	44	57	86	44	34	74	23	46	65	52	28	32	55	69	17	55	28	4	81	45	60	60	89	43	51	67	42	83	19	61	21	89	17	18	84	87	11	23	100	90	82	83	80	53	41	53	23	9	100	37	88	69	100	85	21	14	67	7	30	29	19	68	11	67	19	52	31	66	15	11	84	76	53	84	55	81	38	53	20	87	47	79	54	36	94	32	16
19	58	6	19	36	24	97	88	84	77	52	27	13	16	58	26	50	87	33	67	18	60	75	53	53	56	29	14	61	43	44	76	16	87	58	53	24	93	35	97	58	92	5	4	13	72	58	54	64	51	54	47	73	45	90	65	40	92	83	44	39	9	59	35	46	11	35	38	44	8	97	83	28	62	52	63	20	100	57	11	26	77	53	84	54	80	91	11	58	66	8	38	65	41	24	4	95	58	23	92	17	2	17	53	29	43	14	45	17	60	100	92	37	44	100	46	47	37	68	68	23	7	87	23	85	22	53	82
3	34	47	61	37	21	99	95	57	7	64	41	25	16	75	58	91	11	25	42	15	8	14	79	64	83	76	13	25	33	24	70	94	15	76	66	42	86	89	71	34	17	87	32	65	91	76	51	8	58	38	82	3	20	60	67	1	58	31	85	69	85	77	51	47	96	10	5	47	2	43	80	60	79	30	14	35	83	72	45	45	33	82	9	18	34	78	23	86	64	65	7	29	17	53	9	95	40	100	35	15	22	88	81	7	71	64	24	95	64	58	28	75	48	82	1	35	29	60	82	90	73	58	2	95	53	12	95
43	26	28	7	7	9	67	20	42	72	78	100	9	9	66	99	55	27	22	32	75	99	55	83	25	52	58	98	28	66	60	88	41	18	22	62	64	75	4	24	65	2	34	30	63	22	40	48	47	40	52	77	6	52	100	47	54	22	48	65	90	68	44	53	12	14	37	58	40	86	37	79	75	27	64	34	81	55	37	14	51	26	25	31	54	15	18	30	15	7	9	62	57	67	61	21	17	89	87	12	35	66	33	63	38	23	23	63	27	41	12	93	88	95	40	44	17	41	21	8	32	48	26	89	97	78	25	69
9	82	34	35	35	56	10	97	75	55	17	27	35	5	91	72	43	21	35	45	4	23	53	70	82	17	49	68	69	88	7	59	40	4	52	58	77	11	57	26	14	98	96	90	7	29	24	61	86	57	25	18	49	2	14	88	35	86	52	74	13	15	20	99	89	50	88	35	69	3	25	73	24	57	38	15	45	14	35	89	74	87	28	35	28	35	42	9	18	69	41	40	80	44	98	74	63	67	46	82	53	86	34	25	62	65	7	51	42	67	66	92	83	31	54	62	20	9	80	22	70	82	22	64	50	32	92	82
94	71	65	79	24	20	80	8	22	24	83	56	58	74	42	83	89	33	74	95	93	33	47	93	69	47	34	14	28	6	3	16	61	93	27	4	5	70	57	67	93	63	96	100	84	16	40	58	8	4	26	41	63	39	22	85	58	68	75	73	15	38	39	38	72	84	86	39	34	100	33	43	43	95	10	2	89	18	98	95	76	76	21	97	71	88	80	13	83	51	17	76	71	72	91	77	25	59	76	79	10	11	27	72	28	75	66	19	50	54	67	22	3	9	34	93	79	21	67	99	45	15	96	77	67	24	10	92
78	81	95	8	34	55	20	49	60	84	39	12	54	21	74	96	11	86	94	26	88	65	50	44	38	7	4	61	14	66	22	42	13	45	72	95	51	74	14	79	6	85	39	78	85	53	69	50	59	98	14	56	64	65	49	34	61	96	2	23	48	37	57	64	78	29	90	74	25	35	5	97	14	42	77	44	47	17	18	31	61	77	51	21	48	83	21	70	88	42	75	55	67	93	87	33	48	67	98	11	15	19	14	73	34	73	92	37	68	68	60	18	47	59	29	2	53	52	59	52	69	34	6	16	51	27	81	7
4	88	68	82	30	61	23	48	65	90	30	34	41	10	94	20	50	99	46	54	96	16	34	32	45	78	18	27	76	77	81	44	10	79	5	50	17	68	3	83	69	12	7	80	64	42	11	72	31	6	85	26	68	23	4	64	82	32	70	31	27	58	30	58	68	76	33	43	66	60	49	23	100	62	57	40	78	100	47	72	69	24	68	62	17	92	33	91	32	58	5	31	82	26	53	3	77	99	52	32	61	22	14	77	89	78	22	94	60	57	64	18	25	42	73	66	100	19	23	40	80	83	49	50	46	71	44	38
93	12	81	41	85	58	60	27	66	22	33	86	45	58	9	64	28	68	82	10	75	52	76	19	84	57	24	92	36	9	92	78	3	54	54	19	5	15	16	44	42	80	41	13	76	61	54	44	60	9	29	95	61	91	38	75	22	51	22	65	11	66	35	67	69	56	53	96	92	32	52	90	86	76	70	26	65	12	3	62	33	52	33	84	99	92	64	55	85	93	43	42	87	27	95	2	54	40	9	57	65	72	64	15	35	50	40	43	74	91	2	17	71	81	92	42	44	57	64	21	95	26	51	13	7	25	50	68
67	47	28	86	64	7	23	61	53	7	24	36	96	95	84	91	86	32	38	44	9	71	32	15	89	20	89	71	52	89	90	53	31	36	46	22	67	27	47	49	89	18	25	99	53	100	53	59	55	49	84	77	57	86	9	2	90	49	86	87	55	75	99	47	37	31	22	79	27	28	25	95	62	68	39	81	78	41	11	12	89	76	27	3	95	58	100	85	98	85	76	63	76	20	13	21	89	80	32	32	76	27	11	82	82	4	74	49	20	26	72	10	32	61	37	29	7	97	59	11	24	40	90	52	3	41	83	70
13	35	91	24	28	26	59	55	75	36	66	63	57	2	19	63	73	31	9	23	9	34	80	85	89	97	70	42	56	11	48	55	7	29	21	16	9	77	7	16	16	73	2	41	57	3	43	54	75	80	59	67	82	87	20	14	9	30	93	15	2	18	4	48	96	46	83	80	20	100	53	24	32	25	53	46	29	86	95	62	47	34	88	48	35	100	66	78	97	29	16	50	94	55	27	85	66	25	35	76	23	7	34	30	4	18	95	89	10	68	15	67	7	72	71	60	2	5	37	15	15	24	34	89	51	38	25	5
58	20	26	13	65	38	88	96	32	68	86	78	61	75	78	72	1	90	44	5	58	14	82	52	22	77	8	35	69	22	46	56	37	95	45	39	10	15	76	66	28	85	43	43	99	24	35	16	46	60	18	88	35	39	73	39	13	76	40	95	9	37	73	38	38	2	10	15	42	80	18	23	100	10	32	94	7	81	51	67	59	21	40	99	66	77	24	28	87	62	8	80	28	91	66	86	53	68	44	83	61	86	20	85	43	21	48	56	48	50	82	85	27	11	31	48	67	19	5	3	34	2	86	22	92	7	94	66
71	33	28	95	76	13	62	88	48	49	36	28	85	50	53	32	99	58	13	11	2	95	59	36	1	47	36	20	78	16	15	65	7	14	76	1	1	91	61	26	97	61	17	8	28	93	98	47	33	50	25	55	71	42	21	14	39	3	63	87	8	95	66	21	6	67	58	12	89	92	33	48	48	40	76	23	7	59	9	29	94	53	81	94	10	12	10	42	58	9	49	40	92	35	69	48	78	40	13	85	47	82	14	23	78	94	66	67	67	7	72	47	74	54	41	59	66	24	45	77	5	11	22	39	28	1	77	24
33	59	38	81	12	27	19	100	77	100	93	74	36	25	33	34	17	31	17	23	36	52	87	59	82	50	97	83	82	90	19	70	16	32	94	4	4	36	20	59	98	3	36	76	90	30	59	92	78	20	40	66	94	7	78	57	47	48	15	55	50	38	30	15	42	51	4	22	85	70	24	84	55	43	22	92	67	41	58	74	48	90	43	21	38	17	43	62	22	80	41	62	32	100	59	27	32	13	14	36	88	74	63	86	54	35	24	49	72	22	1	91	20	46	66	91	51	37	87	87	66	19	32	18	90	2	39	84
35	60	48	7	14	92	9	79	57	58	14	42	4	19	62	81	9	83	46	74	84	79	37	25	20	12	32	49	68	8	62	45	84	37	49	81	74	73	75	94	70	16	77	55	58	61	36	51	61	97	11	36	30	68	20	9	91	83	53	14	38	43	45	70	28	81	58	95	3	54	42	82	42	28	13	75	94	69	57	87	49	74	55	76	30	70	39	12	81	95	46	47	28	60	17	10	8	87	54	93	32	31	55	50	40	86	57	84	93	30	36	94	17	90	72	35	49	87	77	40	99	15	12	76	33	22	50	79
38	83	21	36	82	100	8	27	66	15	65	70	81	52	29	34	26	14	13	33	73	78	48	92	41	97	6	32	14	79	67	25	83	75	67	26	44	59	35	64	39	4	15	53	41	43	9	49	79	18	94	63	52	95	51	72	2	66	22	40	69	76	80	11	48	17	16	20	41	21	60	46	8	13	35	95	45	50	21	96	85	75	39	16	42	23	74	97	76	91	4	93	96	34	61	48	98	48	52	21	70	91	2	28	20	50	70	59	67	58	69	37	24	59	71	79	19	84	87	7	48	16	83	28	54	26	64	14
50	97	36	81	12	18	4	24	33	49	95	84	38	37	34	46	7	35	43	66	51	90	84	39	100	15	86	3	52	51	65	57	52	83	7	58	14	18	65	90	57	22	65	27	21	42	83	15	85	53	48	65	66	19	24	51	8	51	1	60	86	61	28	79	80	57	93	59	91	98	92	87	32	15	90	38	29	21	76	78	28	16	28	54	69	33	59	99	43	16	52	87	34	62	98	40	19	80	58	7	63	48	77	60	82	62	29	82	93	13	6	91	36	44	24	91	80	77	49	23	75	55	8	67	20	61	40	56
94	86	84	24	58	28	74	66	11	51	81	55	57	70	75	88	62	32	46	68	89	37	35	26	94	31	41	63	41	31	78	36	10	65	97	21	22	23	6	91	15	1	89	47	23	21	90	62	10	15	43	50	45	30	30	76	2	35	49	88	46	42	48	28	34	31	11	75	34	60	1	32	73	85	84	24	90	98	5	22	43	21	24	79	68	10	67	82	52	38	100	3	5	34	1	7	62	97	84	19	83	24	63	61	99	26	39	82	53	25	51	75	41	97	15	92	59	63	84	47	4	67	36	68	63	2	76	76
20	91	44	69	11	2	99	75	67	44	74	41	52	15	99	93	82	31	56	19	58	89	69	46	62	59	8	38	60	8	95	9	25	52	77	46	66	44	12	48	42	7	77	95	66	42	1	15	1	71	37	2	99	66	22	56	39	28	27	46	14	44	16	78	49	66	54	5	69	7	14	7	6	32	43	89	29	94	34	32	73	87	64	85	74	6	78	27	42	75	20	98	20	94	89	44	34	92	15	85	97	48	44	7	79	20	75	28	71	48	18	50	49	85	20	1	22	61	46	58	25	36	9	95	59	35	25	97
39	53	31	93	90	19	89	21	33	91	77	36	37	96	2	98	70	52	65	68	29	23	33	60	45	59	11	13	7	56	40	89	88	81	100	69	82	9	8	6	21	18	69	71	23	9	26	66	73	69	30	20	43	34	47	36	98	91	33	7	1	81	33	3	70	97	53	19	29	2	98	38	25	46	2	89	15	14	57	86	66	33	33	18	23	61	15	3	81	74	33	83	99	73	16	3	86	42	18	43	46	85	2	69	41	5	50	42	3	37	80	52	7	6	52	22	32	2	10	30	28	48	94	63	97	81	100	53
41	84	77	57	54	87	33	40	32	2	26	48	87	70	65	40	26	94	37	76	27	30	8	75	70	64	14	84	81	35	51	87	32	76	50	97	81	95	2	78	36	64	64	41	36	87	38	75	41	25	96	16	14	77	28	24	2	53	84	12	43	98	90	68	15	78	4	70	18	89	90	72	100	32	14	50	96	74	33	28	6	97	15	35	84	60	4	5	98	74	51	32	54	15	82	21	39	4	81	9	99	49	38	30	24	31	93	98	21	50	31	7	44	84	7	30	88	28	33	43	17	55	3	61	73	89	52	29
15	57	63	9	1	5	87	23	18	16	79	75	47	16	42	20	35	79	32	10	40	76	8	86	90	55	12	1	7	16	75	48	10	11	1	52	78	25	45	15	79	44	12	16	6	54	81	37	80	74	31	50	68	11	22	72	44	23	52	87	26	73	10	59	90	29	8	27	44	49	49	54	30	24	79	23	75	31	50	71	41	84	61	34	64	27	69	6	24	85	50	86	100	41	72	43	36	94	25	95	100	92	48	88	64	45	47	68	82	78	11	24	5	12	44	56	32	87	20	77	17	32	42	65	66	76	16	14
15	20	37	76	18	62	55	16	68	69	88	21	47	14	78	19	64	86	60	56	19	33	40	29	72	79	18	44	88	62	89	27	21	70	73	65	32	87	24	28	1	25	62	36	56	80	61	100	7	48	35	41	97	68	94	20	43	92	16	97	45	94	82	4	71	24	2	70	100	92	54	68	91	90	59	56	84	23	64	78	45	5	57	40	57	11	58	16	61	94	65	44	68	68	28	90	2	100	13	59	83	55	95	1	30	19	95	69	70	72	12	10	26	85	38	8	56	37	75	37	99	78	33	67	13	63	21	58
47	83	93	65	99	73	4	23	64	12	55	62	24	92	69	30	53	74	45	56	48	10	96	83	68	64	52	51	48	56	13	20	87	32	93	49	51	38	58	86	55	49	87	10	57	57	53	66	81	9	62	17	30	14	26	52	3	26	85	3	4	19	57	62	97	84	43	3	35	78	35	74	65	6	32	37	80	18	63	71	62	34	100	32	45	13	40	13	48	60	23	13	10	70	85	63	80	14	70	84	51	91	63	8	31	33	15	35	73	91	13	4	58	15	26	36	38	4	32	73	96	66	33	80	2	4	29	33
66	36	68	16	28	47	1	99	12	53	12	59	9	83	22	83	78	93	72	29	93	29	7	48	3	21	95	72	20	64	88	2	65	40	94	71	72	61	37	38	39	10	86	2	30	84	96	72	4	53	96	74	90	28	51	33	40	55	23	89	65	70	95	46	100	81	99	14	81	61	27	39	23	67	3	50	83	7	29	29	100	5	62	97	63	21	95	52	100	75	25	58	51	20	10	9	100	28	5	37	94	66	39	23	10	2	10	83	73	76	73	45	73	86	2	1	94	98	41	73	59	89	10	36	94	78	60	89
33	22	22	73	58	32	100	45	59	76	47	100	74	90	24	40	67	20	69	35	83	32	69	15	36	42	50	98	95	56	49	11	38	55	13	72	38	23	1	45	34	81	62	12	67	61	52	60	50	26	40	100	81	9	24	11	89	65	92	57	73	37	17	51	10	5	49	95	15	68	61	51	31	23	40	65	96	34	99	55	50	83	59	41	34	74	4	90	89	64	82	32	45	84	98	58	9	24	97	11	78	26	19	26	93	6	55	45	80	37	60	6	16	43	24	91	9	89	47	63	69	19	57	8	25	14	9	89
20	50	81	96	13	11	78	65	12	100	71	38	65	64	90	82	2	22	45	29	57	21	48	82	24	65	58	84	9	61	65	90	58	13	42	45	58	72	71	2	40	21	30	8	12	86	67	55	33	84	92	86	72	19	96	16	58	51	80	20	59	34	50	38	48	8	97	57	71	61	55	38	81	46	50	42	75	73	4	81	72	79	91	30	92	93	12	12	19	5	54	35	81	89	2	31	56	76	52	25	3	40	44	30	90	53	56	98	89	53	90	10	76	89	3	12	35	50	8	59	10	31	78	4	28	27	37	31
63	45	18	65	72	9	20	71	64	90	21	30	69	81	84	24	55	96	75	26	30	63	67	11	5	70	40	53	38	82	64	86	10	25	90	83	33	12	77	60	8	84	48	32	94	61	29	77	79	65	86	49	45	24	32	81	32	32	29	11	59	40	96	99	91	68	28	84	3	15	37	72	74	93	14	91	63	85	96	79	58	12	30	76	36	35	65	6	14	94	80	7	6	40	79	56	51	61	30	60	96	87	19	37	46	76	82	85	19	50	7	99	24	42	81	82	56	13	50	37	10	12	68	87	53	13	65	35
7	39	35	82	9	25	62	28	21	71	12	36	69	89	50	33	60	79	43	72	33	80	43	84	31	95	99	22	53	73	97	9	61	13	88	1	27	97	68	96	41	14	4	63	59	29	36	35	53	38	86	29	41	29	65	85	66	68	90	75	51	38	37	87	9	57	50	5	14	8	39	13	57	55	4	36	86	49	30	37	59	70	48	94	87	63	32	89	1	54	55	99	47	84	88	32	81	67	94	32	41	88	15	96	44	10	92	51	71	79	67	89	67	32	87	79	25	86	35	97	35	48	2	12	18	43	58	24
12	3	44	24	57	62	24	7	11	93	15	73	45	22	84	79	91	57	73	50	4	27	76	24	43	51	93	8	93	98	48	18	46	16	56	70	33	1	31	92	48	30	2	82	8	98	32	53	33	42	64	67	6	28	66	71	67	32	44	22	54	44	15	49	72	9	59	47	43	66	18	46	68	81	62	34	72	21	35	18	78	32	51	33	17	6	14	32	64	4	11	9	26	15	95	85	4	62	99	56	3	73	27	93	64	86	81	30	59	87	64	67	94	37	75	99	86	16	50	75	11	75	46	100	37	68	78	82
3	13	96	4	58	100	86	18	16	93	5	65	31	29	81	67	69	32	44	62	51	47	42	37	57	55	18	1	39	75	19	85	63	76	5	69	60	99	7	87	74	14	15	55	49	86	70	28	88	68	89	88	66	57	49	40	93	78	51	50	66	65	26	83	81	54	81	58	28	34	58	51	87	62	84	98	41	55	47	11	67	37	72	91	80	23	86	76	63	64	81	89	45	17	5	92	82	15	90	82	85	64	6	20	83	36	26	74	1	33	38	47	88	1	100	66	45	40	53	29	83	81	68	69	68	32	89	5
42	85	85	64	86	48	90	1	79	62	87	19	94	89	81	33	78	11	86	39	21	81	30	66	53	95	46	16	5	1	6	2	66	68	3	60	80	81	36	80	44	44	96	65	4	76	33	93	77	81	57	82	71	40	87	70	77	82	21	75	90	21	77	89	26	93	99	13	67	89	87	41	54	57	53	94	94	63	68	68	89	6	72	74	50	42	23	87	54	86	42	18	35	67	79	39	13	32	49	50	94	34	28	58	70	88	52	54	84	7	81	87	17	4	57	56	61	42	56	53	33	43	76	41	42	99	57	29
5	50	18	37	39	11	69	71	72	95	90	40	36	61	21	17	96	36	44	66	4	31	14	15	90	18	11	64	46	25	19	54	62	36	84	15	29	25	16	69	37	72	19	18	24	23	56	49	12	23	19	100	46	66	95	44	7	98	67	48	2	13	14	70	81	94	28	73	44	82	58	10	38	93	77	30	9	31	80	21	28	53	91	79	57	2	87	48	76	60	75	79	96	29	55	43	30	55	8	47	37	33	89	27	76	84	47	23	44	20	76	68	74	47	31	4	66	12	38	69	59	53	44	83	99	89	57	98
14	88	77	25	50	19	3	94	43	39	41	65	29	33	6	23	71	69	3	18	17	29	16	31	88	1	55	100	28	73	40	96	37	12	11	93	24	66	45	68	40	49	86	7	65	53	72	37	15	48	8	35	27	4	36	26	33	64	11	54	74	91	13	21	96	98	4	11	64	50	8	83	34	62	53	82	83	11	31	84	13	20	23	35	46	30	31	83	93	86	34	51	69	9	74	17	16	68	59	72	96	49	3	67	43	9	23	89	7	14	58	86	71	48	28	20	19	7	92	71	85	6	61	95	51	6	92	52
59	16	38	69	7	35	2	41	13	88	5	31	95	48	21	56	18	88	70	9	50	60	31	66	85	90	84	50	59	51	24	28	42	88	35	58	63	60	11	21	44	72	8	98	77	55	9	70	71	62	81	54	92	97	91	60	98	15	45	41	22	98	41	84	83	40	16	11	53	30	55	23	16	4	18	59	75	91	92	90	100	56	74	4	16	6	86	65	82	57	7	82	43	59	31	24	3	63	62	51	3	86	39	31	42	63	65	3	23	6	74	9	100	81	25	32	11	90	21	89	44	50	49	100	79	68	37	52
25	8	84	74	76	34	88	27	37	68	16	53	64	77	57	43	25	3	80	81	13	46	24	35	70	75	15	51	1	50	36	16	27	27	94	100	1	44	2	66	83	21	30	93	95	28	85	2	44	89	49	77	40	45	99	60	55	84	67	70	96	74	77	74	53	78	78	37	96	97	22	2	37	59	68	17	45	13	60	78	74	63	61	84	92	19	14	91	77	66	59	20	51	91	12	25	27	26	82	28	97	9	31	24	65	47	97	65	68	15	92	76	85	27	73	5	47	73	82	91	62	11	93	47	76	66	46	73
34	27	62	22	10	37	52	63	96	46	79	16	98	82	54	47	59	70	76	8	65	4	86	31	56	41	2	35	82	64	44	65	1	42	68	78	16	77	58	73	46	31	27	20	82	28	52	39	30	70	55	56	57	77	14	4	56	78	42	93	7	71	27	18	56	57	66	98	89	62	91	84	19	94	17	15	42	47	31	68	93	45	27	68	70	82	75	74	21	91	86	55	19	88	77	50	19	29	82	50	26	33	94	71	47	100	45	6	75	32	57	71	6	100	92	15	46	44	45	55	12	8	50	18	50	83	90	23
40	20	75	46	40	24	60	48	8	9	15	77	77	16	96	61	72	86	44	83	48	41	20	44	76	67	90	33	80	26	36	28	15	25	93	29	78	93	27	20	53	17	42	23	63	31	38	31	41	45	56	86	9	71	93	45	56	10	23	69	39	80	69	28	84	6	28	27	4	26	17	48	42	82	39	3	9	95	70	20	9	22	56	75	42	46	9	37	100	85	74	16	37	32	21	6	18	42	99	14	82	100	31	73	43	17	48	20	22	79	74	66	44	44	57	69	3	15	13	73	60	33	33	75	87	59	55	29
57	12	68	100	69	90	96	48	12	52	92	81	18	76	37	90	86	60	4	29	44	48	59	57	8	75	22	100	93	36	16	100	60	65	60	81	90	89	54	86	19	31	60	36	46	96	82	78	4	44	100	50	5	79	86	90	39	76	99	67	94	46	87	86	21	23	58	14	6	29	47	39	57	16	60	33	85	46	97	53	42	38	87	15	23	86	30	36	44	46	24	62	22	88	69	45	19	55	52	13	33	74	48	15	15	38	5	15	19	38	53	98	29	14	57	97	22	55	54	31	92	73	3	11	14	48	71	97
77	41	45	8	4	67	24	73	27	81	26	37	50	99	34	13	97	81	37	97	54	71	48	28	59	42	79	7	42	40	100	46	99	93	11	85	63	57	13	68	96	41	66	23	12	19	2	21	42	81	42	100	77	34	4	42	48	58	59	68	59	45	79	93	16	98	97	90	29	12	30	3	4	26	35	4	86	28	51	96	37	30	70	57	8	22	3	49	71	17	82	2	36	16	20	33	74	30	36	44	96	70	17	5	35	15	31	90	39	61	69	48	94	16	58	4	40	16	38	79	48	52	96	85	80	50	76	100
27	50	27	98	36	35	66	51	5	72	57	52	84	41	8	22	82	99	95	31	11	10	95	50	84	73	83	3	20	22	89	81	13	65	70	4	15	26	57	43	58	3	78	36	21	23	16	66	21	73	1	29	8	62	76	63	84	24	73	24	91	65	17	27	51	40	78	94	84	44	80	5	37	29	62	92	83	66	6	26	46	53	60	7	54	68	50	35	48	29	62	27	65	84	77	2	57	10	61	77	80	70	99	61	24	26	8	14	47	56	87	97	14	76	1	5	17	87	20	87	77	32	84	85	85	64	17	11
84	82	30	78	10	48	57	77	29	31	97	11	33	28	46	22	1	79	24	80	22	51	12	57	69	31	56	76	59	59	82	40	23	9	73	35	24	94	41	34	52	64	83	29	38	19	74	59	66	44	88	12	94	59	90	99	45	2	78	69	85	56	74	73	81	60	22	64	31	10	33	6	34	46	10	40	14	84	55	37	24	34	74	24	47	64	8	46	89	86	82	47	4	41	77	41	74	87	96	69	46	57	98	6	21	67	4	76	79	1	32	99	5	17	67	25	26	40	78	13	36	77	81	84	90	82	54	83
49	29	100	56	70	78	14	17	57	93	14	40	18	76	96	68	22	13	28	50	9	25	71	50	59	44	73	21	49	37	38	76	62	21	11	38	99	45	75	96	94	25	56	97	3	78	33	11	50	39	91	54	96	9	76	4	95	60	39	40	36	80	49	68	78	54	100	4	92	41	71	100	79	45	82	85	50	94	70	52	18	33	75	55	38	92	59	89	89	72	24	14	42	18	83	18	28	76	36	84	67	29	67	45	72	63	17	97	13	21	51	26	98	47	65	91	100	51	56	37	65	57	56	6	81	74	44	95
68	90	28	38	10	2	68	31	90	40	90	15	36	25	19	87	90	70	58	73	82	98	47	82	89	11	16	12	78	53	12	80	15	95	99	44	83	22	21	8	83	19	5	3	28	36	25	35	65	45	43	17	24	45	74	87	88	51	41	36	1	94	84	6	22	66	74	7	14	5	78	23	4	99	86	24	72	46	84	99	15	55	94	70	36	79	84	5	45	43	68	69	72	19	80	41	78	88	63	54	64	99	35	83	38	87	40	51	66	10	39	79	2	7	5	50	29	7	32	60	50	37	24	85	43	49	37	24
94	24	9	40	61	27	41	34	7	69	53	34	98	46	22	92	84	80	16	74	36	47	16	28	37	50	46	82	66	55	58	44	28	23	67	30	92	91	13	64	24	80	94	22	98	8	16	89	3	20	57	78	46	76	69	26	42	71	99	21	48	82	80	11	100	26	96	49	100	56	53	16	4	71	99	59	9	16	37	14	87	38	42	72	86	39	44	22	10	53	93	50	49	71	12	43	32	66	52	49	3	8	5	1	96	7	66	11	69	12	27	15	54	37	36	77	99	32	30	68	49	16	87	13	52	4	38	18
2	71	18	100	16	78	46	11	36	92	91	92	57	16	99	29	25	4	29	41	84	17	14	45	31	50	20	4	63	71	13	17	56	21	52	70	21	25	2	58	53	54	77	34	27	54	59	67	61	89	7	53	1	81	34	65	91	4	77	13	24	1	43	94	8	89	92	39	76	1	83	80	47	59	75	100	33	33	76	96	31	65	6	53	5	41	83	30	74	27	74	72	28	57	58	40	3	43	15	80	54	14	44	19	45	96	28	12	33	31	71	20	91	43	3	30	36	35	46	82	31	47	30	75	25	51	10	49
22	69	39	62	4	23	73	59	68	85	2	29	4	96	16	6	10	60	43	71	87	76	52	16	69	14	3	65	54	8	37	90	91	50	56	10	32	100	83	53	18	37	28	20	13	1	91	45	63	82	39	18	44	55	12	69	79	62	35	100	41	20	9	72	64	57	91	70	28	92	32	60	32	81	41	78	94	35	2	36	38	97	87	72	20	3	79	9	78	75	34	34	16	82	22	75	47	1	61	79	65	93	25	18	62	46	35	100	5	73	21	17	85	19	32	4	45	22	85	68	81	35	12	82	99	70	100	11
97	22	78	92	49	54	83	64	78	8	83	78	30	48	73	61	29	47	5	20	81	20	55	7	16	54	7	37	62	96	41	18	52	85	100	40	15	77	17	24	69	12	24	3	95	35	75	18	30	5	79	17	97	51	90	92	15	88	53	1	96	84	60	73	68	5	44	52	55	60	25	20	94	79	57	82	2	60	58	32	72	77	31	79	97	69	24	64	28	29	36	76	50	21	40	93	60	90	87	13	97	30	6	56	20	46	87	32	56	27	4	91	74	38	73	36	50	48	76	8	18	21	90	53	96	43	68	50
77	47	93	96	32	93	82	48	28	77	43	62	90	35	85	5	21	62	41	6	83	30	93	43	14	8	76	73	62	49	44	89	29	65	85	87	24	49	25	57	70	78	29	4	40	56	98	51	31	78	1	7	2	59	84	36	92	16	76	93	31	69	88	16	76	77	69	72	99	48	81	1	81	56	35	39	95	70	41	49	5	35	55	53	7	82	86	47	94	11	19	61	6	76	100	35	9	6	40	67	97	37	17	54	92	41	49	57	94	41	97	93	12	77	52	64	94	77	92	11	12	60	27	57	89	8	13	64
64	8	8	34	11	93	45	28	47	17	70	71	27	91	56	77	16	72	95	27	23	23	6	53	73	15	20	36	48	25	48	1	17	30	30	61	12	9	57	54	86	77	15	91	52	21	78	87	7	11	71	4	40	84	10	52	77	4	46	94	1	31	30	82	35	90	100	13	11	38	52	78	10	29	93	26	94	49	81	96	20	73	78	60	89	14	60	46	69	17	68	47	79	98	28	57	63	94	53	68	15	18	42	27	94	8	76	10	51	96	66	67	47	13	90	2	8	80	39	92	3	84	26	69	22	28	80	73
31	77	78	23	86	21	85	40	27	85	30	70	70	81	10	9	60	99	84	42	69	82	54	9	38	54	53	18	34	88	81	32	91	71	91	96	39	86	11	72	69	66	71	74	100	38	54	96	29	80	47	97	21	25	35	29	57	72	94	16	56	96	5	2	86	1	24	20	37	11	98	57	73	66	44	87	29	99	21	53	55	2	32	95	2	68	8	89	17	98	1	41	94	73	12	70	99	85	20	4	14	82	60	15	39	44	53	36	12	44	80	1	91	20	21	93	62	67	50	76	72	60	13	72	10	16	25	78
80	6	31	71	83	62	97	58	60	22	89	20	39	36	11	94	43	2	9	48	17	8	26	29	35	57	46	24	19	72	39	82	77	56	14	45	22	36	55	71	32	40	18	93	68	20	75	5	14	57	99	17	86	16	97	61	22	96	63	50	29	60	34	73	100	2	17	80	20	51	90	39	95	92	4	57	59	14	44	20	33	68	63	2	26	65	39	100	66	77	74	40	90	41	4	57	41	74	40	97	67	35	69	63	35	83	25	72	32	31	15	54	68	5	25	34	9	45	31	84	63	93	42	27	79	64	84	27
13	86	57	15	33	11	49	15	83	39	39	11	41	98	24	76	93	12	56	50	84	41	55	45	55	56	75	2	25	67	67	1	55	7	100	93	83	28	84	58	27	59	25	90	74	74	3	15	10	78	61	28	91	93	9	49	61	10	74	79	39	28	89	5	10	49	4	28	92	6	83	56	29	64	55	97	89	32	50	56	17	97	63	13	64	74	29	75	44	53	20	48	89	91	47	3	15	27	91	73	71	76	38	11	41	27	23	37	4	14	4	27	50	35	70	34	33	54	52	10	70	74	57	78	25	82	41	10
58	49	95	22	4	20	18	98	55	88	43	77	77	36	38	43	77	45	12	85	32	16	44	53	2	42	38	100	94	72	12	75	78	49	5	28	64	82	39	71	34	30	2	90	73	34	85	37	42	51	58	26	61	94	84	73	58	96	96	73	7	97	91	64	39	9	51	63	7	43	89	21	55	83	33	49	65	26	91	74	41	88	20	4	1	2	26	21	16	35	33	81	20	48	46	70	42	52	17	10	36	10	80	76	20	23	84	59	97	5	1	87	83	98	53	8	15	12	87	51	98	22	100	49	48	63	57	17
93	42	65	78	21	35	94	15	59	38	80	12	72	55	2	70	52	37	48	93	86	16	87	1	28	50	93	87	43	96	76	53	3	79	62	32	55	32	100	2	15	20	29	55	98	71	62	54	91	43	47	26	16	58	68	76	23	72	21	74	100	57	31	89	79	77	36	81	94	62	82	54	36	30	62	90	23	12	65	37	93	17	86	96	87	13	30	5	55	97	11	36	24	2	78	41	30	50	31	73	16	45	8	65	60	18	61	77	86	58	69	57	88	97	24	25	96	38	73	95	75	18	56	26	74	14	66	59
29	41	57	33	100	61	37	5	93	77	12	91	18	34	25	40	6	43	15	1	66	100	11	56	81	12	8	85	51	44	66	88	99	18	70	100	17	81	51	82	35	70	77	26	1	66	42	1	1	80	54	80	81	93	91	44	68	39	45	86	27	53	24	48	33	54	57	97	35	24	60	26	99	1	63	12	83	79	65	51	37	48	48	100	12	39	39	21	16	68	41	17	60	33	31	53	82	93	77	34	2	25	55	85	76	53	5	96	100	45	64	77	51	11	35	80	35	5	38	15	78	58	12	95	39	19	56	97
78	76	87	66	63	84	61	4	16	89	66	22	98	87	26	72	8	14	99	86	88	86	10	52	75	92	11	80	72	58	39	5	32	26	64	54	9	98	48	52	12	36	18	71	1	6	100	78	41	52	10	84	68	50	80	57	7	60	85	82	85	15	61	53	51	1	76	24	19	32	43	41	24	46	49	97	17	53	6	78	81	30	74	84	34	13	52	87	4	3	83	99	91	38	67	74	29	76	63	22	6	38	3	21	100	34	32	29	70	38	50	23	76	61	87	75	66	80	55	12	11	49	51	76	45	80	6	97
99	21	10	67	17	88	72	35	58	7	24	95	2	26	49	83	93	88	50	18	25	97	95	62	72	86	65	36	2	68	24	91	59	92	42	88	15	92	51	82	62	44	100	54	71	16	89	90	88	19	10	23	14	49	13	81	70	11	11	97	15	52	65	55	99	27	70	15	98	22	98	77	70	34	25	80	80	13	30	66	40	61	44	86	80	76	33	34	2	4	97	3	83	29	52	19	93	49	86	78	1	45	34	85	65	79	83	38	100	83	15	63	6	37	53	27	100	59	85	54	41	100	21	95	59	12	33	61
72	1	67	87	71	76	45	81	49	93	27	77	68	60	75	60	19	44	82	4	27	46	78	16	43	22	14	76	75	66	27	83	98	62	70	20	19	4	51	96	69	95	31	77	51	59	12	65	25	100	10	60	34	86	8	65	99	53	25	17	45	24	6	42	27	99	54	11	36	7	29	70	41	72	68	97	15	4	53	11	79	36	23	76	97	19	58	13	46	38	65	28	81	53	44	82	60	6	86	45	23	94	85	28	59	31	23	87	33	20	86	35	66	61	21	29	4	35	58	30	67	10	75	63	56	11	49	29
82	46	40	46	63	26	85	11	69	43	71	98	61	83	85	97	43	93	81	97	37	61	29	18	18	10	23	17	79	36	95	55	64	98	2	17	70	65	59	63	37	35	53	39	37	58	20	9	53	98	39	27	82	47	50	84	67	49	42	16	38	4	97	27	33	70	42	93	88	47	59	91	88	20	43	19	68	93	3	100	25	92	84	7	9	3	70	87	52	27	30	97	52	58	71	39	1	75	85	32	81	75	90	28	1	86	97	58	8	95	79	34	69	42	100	78	65	11	29	96	10	32	26	23	17	3	30	96
42	3	74	27	76	51	4	43	73	3	69	95	25	89	81	72	37	14	24	55	83	38	33	27	73	13	7	53	77	28	11	47	37	90	56	91	81	71	54	97	55	75	32	51	28	36	59	2	15	99	53	6	48	47	71	27	28	50	59	88	42	7	5	35	68	44	59	100	49	3	62	6	95	4	89	59	80	48	12	84	31	26	45	72	76	41	66	42	3	59	56	10	77	88	49	48	28	86	59	94	28	85	45	90	84	74	65	44	90	39	75	31	16	12	61	53	34	31	9	78	96	76	100	88	24	50	40	100
61	47	9	90	28	85	39	12	91	41	62	19	86	58	94	70	50	8	38	75	55	11	2	57	13	88	42	43	68	39	8	70	8	15	98	91	32	78	60	86	60	4	94	24	48	32	4	50	51	81	78	70	72	8	78	19	12	76	55	35	77	5	92	39	63	43	54	72	89	49	99	11	81	25	45	67	28	67	48	56	58	79	41	76	98	12	96	18	64	99	76	80	43	14	95	7	41	51	33	9	12	95	38	16	67	33	10	69	50	44	11	41	47	35	2	39	50	85	53	65	2	50	96	31	21	50	78	26
13	50	95	30	45	94	34	39	88	72	37	94	6	86	71	83	60	10	88	1	19	51	20	11	94	26	59	47	81	60	14	37	93	8	25	33	68	88	85	99	35	63	36	41	94	32	87	75	94	99	78	73	15	90	22	76	15	86	58	57	99	4	63	62	80	21	94	56	36	7	54	79	8	81	60	26	29	55	5	51	71	71	30	66	2	57	13	57	28	16	4	25	25	63	1	41	74	58	43	76	54	99	36	11	44	74	73	42	33	31	30	50	66	84	62	1	2	92	95	75	3	61	68	98	88	53	40	77
15	31	87	41	25	47	11	54	16	7	68	3	67	13	34	11	73	62	12	88	28	44	92	3	93	89	98	18	81	34	10	55	89	37	83	51	95	2	2	31	74	17	13	11	52	66	31	49	79	55	31	63	16	28	76	94	9	3	71	6	62	58	11	78	10	5	64	53	67	10	59	44	63	50	25	23	40	79	13	30	65	70	99	23	56	72	55	87	81	89	84	39	72	59	15	75	51	53	16	4	62	38	25	38	3	15	46	74	47	97	43	15	59	97	74	75	20	78	55	88	10	43	30	23	70	14	2	56
1	22	14	51	44	40	18	2	13	49	56	20	12	24	18	44	48	95	5	59	70	41	47	89	12	59	15	51	85	52	82	7	51	17	2	40	53	64	23	67	13	74	76	83	27	53	61	75	90	19	56	33	100	17	65	16	32	25	24	50	3	11	62	90	78	24	52	32	72	79	88	79	23	18	86	63	33	43	67	24	79	29	64	17	7	34	11	47	78	41	34	59	17	80	72	81	51	78	25	85	18	89	19	20	56	67	97	44	62	6	22	31	11	90	7	44	89	4	75	79	43	68	85	100	83	52	41	64
76	37	33	4	95	28	37	72	27	90	16	26	29	10	28	73	42	38	10	26	78	45	27	85	64	70	69	95	38	72	42	56	57	86	56	96	74	82	18	41	85	25	6	4	100	6	62	34	32	57	13	37	69	98	38	3	32	46	47	71	78	15	25	45	61	40	38	88	6	52	53	35	85	79	7	58	14	37	16	4	56	42	9	69	38	42	96	91	33	6	15	28	90	80	70	25	65	53	74	83	21	26	33	26	47	96	89	15	62	60	89	54	26	89	88	14	40	2	57	40	69	67	14	42	76	10	34	14
1	60	28	23	9	17	87	19	84	49	13	53	54	89	75	98	17	81	47	6	93	28	43	84	13	92	39	33	37	23	44	89	47	21	62	62	1	23	50	43	99	30	39	81	31	83	39	66	67	62	30	47	46	89	83	69	11	44	72	15	94	77	50	15	55	55	26	10	32	78	9	88	19	22	72	27	3	64	64	34	89	64	55	70	1	11	55	57	2	57	78	73	78	67	35	78	10	79	18	58	63	41	70	89	26	29	38	88	11	68	81	42	38	90	25	100	84	18	57	37	57	83	55	86	96	35	86	40
94	70	32	3	57	74	67	23	5	87	18	24	39	30	13	24	98	85	92	41	90	79	82	65	63	15	1	49	82	80	83	15	68	47	58	25	14	11	51	58	89	70	64	72	92	9	72	7	90	77	87	55	55	12	59	95	70	60	75	48	85	99	45	47	36	51	13	92	80	47	44	66	24	2	34	73	64	54	79	57	66	27	6	97	29	67	68	23	92	100	24	99	94	80	83	62	35	24	91	21	10	16	82	16	70	69	7	96	98	8	64	39	65	66	87	83	9	67	67	56	33	22	98	77	59	77	20	7
47	70	17	7	59	61	82	24	98	1	100	36	96	69	59	97	80	4	8	74	20	28	60	27	79	35	47	10	22	56	86	14	79	26	74	6	66	54	41	88	55	81	71	64	65	69	18	73	39	4	63	49	71	89	5	66	10	41	64	16	70	12	62	82	74	56	9	55	10	52	90	19	44	33	43	74	37	74	87	54	100	18	28	41	30	70	72	76	94	17	13	96	98	84	74	47	96	99	70	32	43	38	56	86	67	87	29	55	68	14	72	61	88	37	85	52	78	39	40	12	41	60	97	15	95	35	65	93
8	37	60	20	93	51	42	53	79	62	59	83	13	70	15	68	65	50	40	80	53	98	69	94	83	5	34	7	3	30	64	95	93	81	12	99	51	16	42	40	25	90	22	99	75	10	3	19	22	60	25	17	8	76	80	18	10	78	59	57	8	96	83	99	72	79	49	44	91	88	9	49	1	32	61	98	12	83	41	75	78	5	61	48	39	29	63	10	84	36	64	52	23	98	63	51	70	2	82	58	35	99	93	100	26	53	91	43	23	50	98	22	86	24	29	55	54	28	63	24	81	15	29	47	21	9	27	78
19	64	44	25	18	61	67	37	35	35	4	17	85	18	60	5	33	11	66	87	73	64	62	36	22	20	58	59	46	29	21	49	38	52	72	19	33	94	55	8	58	14	23	80	80	43	44	52	77	25	12	6	88	64	23	61	89	45	17	6	51	73	7	2	77	40	6	48	87	71	59	15	10	20	55	100	66	14	30	23	55	34	17	48	36	45	30	6	29	90	72	74	64	78	4	59	50	29	10	100	49	15	19	78	90	13	85	20	61	96	78	15	61	37	83	8	15	35	5	74	39	24	8	24	78	38	50	21
29	83	5	97	69	55	49	53	87	41	34	46	85	97	91	32	50	53	99	69	56	89	92	4	9	9	73	4	73	52	93	6	38	3	67	58	15	65	46	53	7	69	92	96	79	97	10	93	19	84	27	27	91	100	5	98	82	85	71	33	74	63	50	4	83	15	43	55	56	54	49	6	12	81	48	92	86	51	43	72	88	59	48	17	95	9	34	2	1	75	41	13	54	34	52	98	41	47	33	32	27	41	63	2	33	65	29	51	91	38	89	82	89	58	42	25	47	83	80	16	41	39	65	16	77	73	39	4
77	20	78	61	2	7	83	9	47	48	48	46	14	26	5	16	100	1	6	55	81	22	56	5	60	86	60	73	69	10	93	46	21	71	7	100	21	66	16	35	15	91	86	24	39	51	65	43	18	13	63	62	86	62	31	34	69	43	69	71	20	51	46	48	67	47	48	65	36	64	6	69	91	45	40	27	48	45	21	94	64	41	34	100	38	57	93	86	98	2	29	83	7	28	10	77	20	21	84	41	98	52	83	58	76	14	45	77	10	20	21	66	3	21	99	15	17	53	87	2	59	94	92	87	28	100	26	95
62	17	97	5	8	34	48	61	61	5	56	14	87	83	30	61	85	52	24	89	28	52	14	59	32	88	19	4	42	83	72	7	71	87	2	11	45	76	62	19	11	7	89	87	7	58	63	95	91	85	16	16	92	34	84	64	70	63	15	100	29	5	92	76	21	25	40	24	30	58	35	8	58	17	15	52	39	12	65	99	65	98	64	43	60	41	52	63	94	68	24	72	61	2	56	78	74	96	99	73	47	51	66	64	56	44	21	60	51	75	65	89	9	87	82	89	100	88	66	16	90	53	40	50	1	6	69	67
40	76	32	98	85	30	15	47	83	21	23	36	98	4	18	17	69	35	6	90	60	4	36	34	90	7	83	82	84	92	59	71	49	15	85	4	47	97	59	9	29	46	100	40	66	3	60	95	59	38	27	41	36	41	24	21	22	10	95	20	84	93	44	90	41	20	80	40	68	31	79	90	56	35	44	14	41	38	27	56	97	26	1	50	8	22	48	51	11	22	84	55	18	57	85	81	34	54	51	93	25	40	20	51	59	50	65	5	1	100	42	52	48	95	1	45	79	50	98	86	59	49	2	79	45	46	68	34
5	52	71	17	93	82	5	89	42	78	88	99	33	10	96	74	40	13	29	48	49	74	28	21	25	85	89	26	22	91	1	47	59	9	67	77	3	18	61	76	80	39	41	17	2	7	47	61	36	64	94	4	95	90	56	4	42	57	74	22	3	93	34	30	36	32	21	11	98	9	30	64	37	76	71	58	96	46	76	59	97	9	99	89	71	67	18	53	31	77	52	82	69	65	1	72	88	42	53	95	79	9	58	17	85	65	22	25	100	67	70	99	16	24	49	22	33	76	95	7	71	82	9	1	47	99	59	23
51	59	78	89	84	59	90	33	49	7	60	64	57	48	54	21	57	60	56	23	87	87	55	80	67	68	42	60	85	96	87	49	32	68	66	73	17	64	11	11	77	55	19	87	86	8	34	44	13	2	70	41	29	4	49	83	45	56	12	67	8	100	13	1	16	38	65	80	51	23	7	85	53	58	65	19	93	85	36	77	26	41	14	54	97	15	89	50	70	62	31	4	5	3	42	36	47	65	22	42	79	85	83	32	26	60	26	20	87	86	90	84	92	18	89	27	19	99	94	36	77	87	96	55	40	95	51	45
55	93	45	99	36	75	97	80	83	97	11	75	98	50	32	79	74	71	89	17	47	58	99	27	40	14	28	72	56	88	96	61	41	14	11	70	32	37	83	36	39	72	3	27	53	87	89	44	59	15	69	1	30	97	30	10	31	2	8	50	52	80	23	54	41	69	73	29	82	65	19	47	61	97	19	3	22	49	19	17	51	85	48	9	43	63	78	49	48	52	48	96	49	36	49	75	97	35	3	17	81	42	1	84	88	12	44	74	74	8	34	74	100	11	94	84	72	59	9	43	70	39	53	59	30	78	71	74
98	32	27	60	53	59	15	7	27	74	71	47	28	17	75	61	33	1	48	55	39	55	68	7	88	5	98	91	32	43	42	28	63	47	14	30	33	79	84	89	65	63	11	42	29	81	48	27	95	31	35	98	88	45	10	71	24	83	34	3	23	56	87	12	51	79	9	67	17	95	23	96	26	52	42	49	78	74	96	97	37	75	81	19	13	74	36	43	33	87	27	64	9	87	1	14	84	15	60	81	46	79	25	48	74	74	1	71	30	41	63	10	16	63	29	39	64	36	66	25	61	77	89	38	42	33	58	43
75	29	93	88	61	75	86	56	21	84	48	89	86	77	95	52	47	84	20	57	72	6	6	55	16	35	41	17	7	69	3	68	87	48	51	87	91	14	71	19	6	39	49	34	91	50	56	27	46	88	29	94	98	31	50	63	14	34	73	52	34	68	33	1	80	9	39	64	15	33	70	1	78	69	64	7	17	51	16	64	54	59	59	49	3	48	97	19	28	16	3	2	65	18	86	8	50	39	17	57	40	83	74	2	15	79	19	51	17	80	73	70	47	88	42	66	39	76	95	94	56	41	32	47	97	17	57	19
18	63	88	69	45	64	100	66	96	24	62	97	57	68	85	36	86	57	100	93	80	72	55	61	58	72	57	75	50	29	15	50	57	62	31	59	45	50	92	96	2	92	9	66	11	33	84	73	56	80	22	74	72	73	97	1	65	49	77	31	72	37	35	30	64	12	45	27	38	62	92	34	81	75	45	77	19	9	83	8	31	98	16	50	67	71	59	46	73	41	75	1	87	36	25	79	40	41	49	72	98	34	87	51	44	29	74	60	10	31	27	17	34	46	8	83	70	92	14	30	52	62	25	17	15	87	98	50
98	18	62	45	61	96	74	81	54	76	83	48	18	96	11	15	26	4	23	32	10	7	23	53	18	4	8	47	44	83	30	38	20	51	34	93	47	71	97	86	22	14	62	74	73	87	44	1	96	90	77	79	71	77	24	63	36	68	63	74	50	49	51	6	27	97	51	85	52	73	30	90	24	41	71	6	6	86	49	87	77	59	96	28	78	94	17	33	65	37	62	64	90	52	65	31	66	76	41	32	24	92	9	84	85	52	70	63	12	65	81	59	41	55	67	49	61	8	53	57	23	13	30	51	51	80	46	6
79	77	33	19	53	58	79	80	47	18	24	54	89	27	20	12	86	56	55	71	69	68	85	50	95	52	11	100	16	60	27	44	15	21	62	71	45	74	14	99	70	100	17	25	33	43	44	7	54	82	67	80	95	51	9	7	60	99	72	40	23	24	45	59	75	75	88	78	70	11	48	15	68	37	39	48	74	49	57	30	31	64	60	91	38	24	10	17	73	23	90	12	81	12	8	34	59	6	36	14	67	82	44	92	43	55	68	55	70	40	84	13	54	25	21	72	20	14	59	32	72	17	75	37	5	76	46	57
33	69	65	66	40	81	77	70	8	90	42	27	16	76	38	70	61	24	69	37	5	51	90	50	24	1	23	48	46	29	48	30	57	42	36	40	17	93	36	63	45	96	54	51	29	13	91	75	91	6	80	38	82	46	29	2	81	65	41	94	23	31	43	37	79	38	84	98	83	99	13	58	62	62	16	70	14	14	40	93	10	58	85	45	39	64	48	57	26	49	5	98	24	42	82	74	73	100	34	42	100	42	19	1	8	64	100	72	49	93	71	77	48	8	59	63	55	45	34	59	19	95	74	45	27	78	7	85
97	78	17	96	64	21	57	73	87	78	70	49	14	30	20	22	52	31	27	74	60	15	25	66	30	19	8	62	99	16	56	65	46	97	15	20	58	77	1	63	28	70	27	73	8	50	11	21	22	21	24	49	48	39	5	24	73	35	3	86	11	9	82	33	85	4	60	54	20	92	89	95	27	2	4	25	61	76	23	17	40	10	32	58	13	19	26	18	10	88	50	41	91	1	62	19	87	80	50	13	46	39	39	4	84	65	82	50	28	45	49	88	48	81	8	84	42	37	80	20	9	95	74	61	15	82	40	18
97	9	31	12	87	61	38	29	70	100	82	75	43	86	62	12	79	44	71	48	3	61	27	100	23	9	51	39	57	72	24	54	44	42	28	85	39	10	41	27	84	44	33	29	6	26	84	73	93	56	91	61	6	78	2	91	55	17	43	33	56	78	27	79	21	97	80	36	27	92	92	49	28	97	27	10	67	14	56	43	77	80	57	79	33	96	89	66	49	43	24	34	2	54	1	91	28	71	37	87	30	1	69	86	21	58	12	27	63	14	100	65	69	87	43	13	81	1	70	5	15	15	66	6	97	61	22	57
41	16	60	47	45	25	82	37	88	62	93	27	45	42	88	49	19	62	8	53	95	75	26	23	98	8	12	82	3	84	56	63	67	17	84	72	49	81	31	5	96	75	79	41	28	55	91	17	57	92	16	55	50	17	93	60	81	36	84	64	79	12	12	74	39	45	78	93	98	85	65	78	80	59	27	97	1	48	65	66	56	24	78	25	27	31	26	7	74	60	84	100	57	27	75	37	53	77	55	7	24	100	77	24	2	51	19	94	45	6	86	69	52	45	89	21	73	24	17	62	75	47	68	29	82	83	89	58
56	85	84	88	51	22	68	42	6	72	10	82	88	83	54	4	18	79	86	54	28	16	54	80	72	59	12	1	22	50	66	58	32	65	46	100	89	73	20	7	77	32	86	31	57	78	79	9	94	1	19	23	73	40	67	37	82	21	9	22	97	6	26	24	45	21	31	73	97	97	87	68	94	64	69	10	39	45	37	4	21	23	97	61	20	98	95	58	95	56	92	68	43	5	35	55	70	67	39	69	1	44	42	8	49	86	50	90	11	96	13	50	35	89	98	67	49	42	11	59	16	31	80	24	35	24	96	92
6	65	88	56	23	74	42	55	32	96	72	43	22	90	26	19	77	96	53	97	71	36	83	53	48	94	86	9	87	40	45	24	3	7	50	12	63	3	91	80	9	34	41	29	81	70	20	17	77	53	45	35	75	14	8	17	75	41	4	93	39	95	24	69	12	13	26	70	25	71	72	21	53	85	63	25	25	69	18	42	69	99	63	85	30	19	7	100	31	37	83	20	89	18	21	15	86	40	59	7	57	58	47	35	25	26	10	84	61	22	53	87	55	85	85	53	63	50	49	75	55	51	83	2	20	93	78	34
15	31	89	44	55	91	25	98	83	39	59	24	43	25	24	91	35	97	73	28	47	34	26	44	88	96	13	75	13	23	56	3	97	34	64	59	26	76	77	43	29	42	83	9	21	72	35	14	69	86	34	23	79	25	77	70	1	69	7	66	98	46	83	7	73	22	92	81	13	91	15	89	85	46	2	28	88	98	8	87	25	59	52	31	24	72	2	21	5	50	23	32	39	7	76	39	6	52	66	24	44	2	83	68	2	57	79	55	4	64	19	93	72	90	64	40	94	8	57	74	95	32	51	13	10	71	69	51
92	12	70	36	2	85	25	24	39	5	78	83	67	93	94	34	94	42	52	54	3	29	33	58	62	80	33	10	29	95	19	76	53	92	34	59	9	50	45	17	18	14	19	92	4	4	43	95	43	71	51	96	97	88	81	81	37	59	98	32	17	85	100	88	1	82	42	80	98	98	27	99	15	89	13	81	27	2	14	88	60	37	65	39	71	32	38	97	89	54	65	48	2	28	5	13	47	13	82	16	85	82	42	30	78	45	31	86	95	60	67	57	97	49	55	17	56	47	82	25	66	80	98	22	26	64	43	28
74	74	9	38	8	99	23	93	36	85	81	14	82	72	52	47	40	95	57	19	72	87	54	37	51	31	1	53	7	84	85	24	68	40	2	52	95	9	15	64	31	75	66	38	78	13	29	82	23	27	12	16	98	48	15	75	53	97	99	89	38	53	22	28	78	64	57	51	84	16	60	25	16	27	35	27	47	99	13	50	100	40	96	20	44	11	76	24	5	78	1	35	25	53	39	67	87	99	12	52	54	55	2	96	55	67	25	65	37	60	3	18	95	40	63	8	51	73	29	34	31	52	46	20	41	65	19	87
99	94	85	11	10	32	15	94	68	11	27	8	16	38	90	68	26	10	100	28	82	27	43	82	42	33	27	46	15	92	10	13	10	42	55	90	73	35	77	96	54	27	42	23	91	74	99	29	93	62	28	84	19	73	9	69	43	1	48	73	56	36	27	56	48	6	4	13	39	86	51	36	28	81	60	73	73	99	83	32	34	57	59	26	83	32	47	14	73	20	19	44	48	50	71	23	85	34	2	11	56	7	39	1	8	40	17	84	67	98	13	14	90	31	83	37	74	50	24	92	69	59	38	37	44	67	27	84
18	17	7	11	18	70	36	51	86	63	18	80	22	43	60	75	76	65	49	20	60	2	66	41	7	25	71	60	51	28	98	78	73	26	14	80	17	50	59	66	65	35	14	70	21	25	19	89	99	98	11	80	65	2	8	71	92	90	85	65	32	75	78	29	73	30	16	75	54	77	28	2	60	91	48	4	51	69	98	85	80	56	95	9	23	72	6	45	78	85	77	36	23	80	3	93	12	28	56	39	88	97	11	26	33	38	15	7	28	30	9	43	3	87	15	67	93	11	100	9	61	59	65	44	59	31	10	84
35	71	86	49	24	29	55	29	64	10	68	73	77	91	93	18	96	64	67	26	53	42	34	51	50	96	100	35	89	12	71	12	7	54	74	74	47	16	10	17	19	82	15	20	14	10	27	81	47	21	54	94	62	13	34	20	14	15	25	15	54	76	16	89	12	97	55	68	87	100	92	60	98	62	75	21	87	18	73	56	19	62	34	77	51	55	12	30	53	11	89	60	61	98	90	26	8	57	60	70	56	93	96	58	51	96	67	65	100	15	60	33	9	14	49	31	61	68	94	53	100	80	13	25	7	1	47	100
52	16	2	7	65	46	87	95	2	90	50	27	5	89	97	82	50	30	6	88	35	80	26	97	51	2	95	64	95	66	40	88	81	71	68	49	81	66	66	99	69	38	17	3	40	94	60	40	19	100	34	7	57	100	77	38	42	18	2	25	3	18	56	63	20	21	61	11	22	29	88	8	41	19	80	99	41	29	49	49	66	58	58	29	83	31	81	56	67	95	85	70	23	16	96	60	47	72	98	37	27	85	95	98	23	81	10	8	46	41	64	66	27	86	71	37	45	50	11	72	60	62	40	74	10	10	70	80
46	100	36	38	8	14	16	80	13	32	86	91	66	18	94	97	20	29	1	41	36	15	94	84	24	3	9	85	18	47	83	32	74	5	40	29	6	64	34	29	73	39	65	43	88	72	66	3	25	4	70	71	27	50	35	82	83	2	94	65	44	15	30	24	19	50	54	24	68	100	13	31	60	93	41	39	68	71	27	30	6	16	75	43	77	5	89	62	75	65	42	75	13	76	70	70	99	65	71	30	78	21	36	80	40	48	73	43	68	11	42	8	81	73	39	8	51	78	21	6	12	40	92	8	70	79	14	34
55	36	88	70	87	36	8	53	53	93	100	54	47	40	19	58	26	89	11	81	42	43	51	34	32	10	43	28	54	65	26	71	66	77	89	54	55	51	72	98	64	44	96	36	41	95	33	47	67	92	68	95	85	16	2	96	100	3	24	54	15	94	68	42	48	30	8	14	67	47	45	6	26	64	65	89	61	5	32	72	50	72	89	66	51	72	78	10	11	86	79	10	64	73	11	69	34	58	21	48	86	63	38	36	41	65	33	25	21	98	17	5	90	30	46	4	41	95	2	12	17	18	69	24	82	43	21	61
59	16	76	2	49	30	55	35	24	56	93	23	63	16	70	72	46	39	36	91	15	13	73	97	88	66	80	1	46	25	72	53	34	10	25	34	19	50	20	55	54	17	51	6	61	86	39	96	55	7	46	58	26	99	63	52	25	30	4	77	61	51	9	71	14	80	36	72	1	72	53	84	8	35	6	1	80	72	47	19	10	6	37	99	97	80	90	78	28	55	22	54	92	67	75	46	27	14	47	88	38	1	22	76	45	4	56	71	53	22	44	76	58	55	35	47	95	40	58	31	32	39	76	81	46	30	23	90
69	19	64	39	65	10	34	15	30	55	8	79	39	52	10	90	53	67	68	99	98	28	57	33	68	23	98	53	26	40	92	78	70	16	8	60	22	93	77	58	54	23	57	72	71	24	32	88	68	30	81	48	27	24	75	98	26	71	59	100	23	31	80	66	66	89	50	18	11	68	83	23	54	12	68	89	60	87	21	28	69	95	33	54	5	58	58	7	74	72	5	67	56	28	9	11	5	43	18	48	30	5	47	8	4	94	74	99	59	62	1	19	52	2	52	53	28	53	20	91	30	75	28	64	74	35	66	17
3	59	56	33	19	68	26	10	90	51	37	79	73	39	95	51	70	91	22	5	53	36	56	94	16	34	54	2	27	62	99	20	76	1	26	16	4	3	52	31	6	59	41	90	13	77	52	75	84	49	19	29	83	80	94	94	5	89	86	59	72	78	52	35	94	77	74	98	79	4	55	83	3	97	11	71	26	80	90	20	93	75	45	33	18	76	69	77	44	73	45	70	89	25	84	94	100	15	36	98	4	54	69	16	25	72	26	85	26	1	67	73	34	22	12	56	71	69	69	7	87	32	26	67	61	54	29	9
79	63	63	31	14	2	58	67	22	79	37	51	41	69	22	85	52	89	68	42	47	34	40	22	77	67	33	28	40	43	54	28	27	64	24	77	33	47	29	79	26	79	18	82	5	96	76	64	3	12	64	38	40	32	55	60	9	12	34	10	54	38	94	47	92	41	4	75	68	35	36	64	69	96	62	99	97	47	72	13	21	84	25	99	67	18	83	28	24	100	9	62	85	19	89	41	88	65	13	46	15	20	96	16	13	45	54	76	39	63	37	74	85	85	96	3	91	72	8	40	78	48	29	74	85	33	7	51
67	3	81	33	58	8	88	12	91	1	59	14	61	10	59	44	91	53	68	88	6	95	72	81	89	55	67	79	98	66	36	58	36	91	97	32	74	71	42	45	32	62	29	71	57	29	30	19	27	50	55	22	71	52	79	81	42	4	51	82	51	44	34	92	56	50	24	62	27	70	35	37	39	24	28	97	9	75	70	40	53	76	78	99	45	96	58	96	23	45	19	17	17	97	86	83	9	88	30	99	66	99	49	11	4	49	4	95	79	100	8	83	77	85	28	75	16	8	76	30	67	13	61	85	12	44	26	51
99	87	51	48	46	8	68	21	20	53	47	27	83	95	75	63	57	28	67	91	5	52	94	52	19	42	61	13	94	46	74	69	88	22	98	1	45	68	86	51	62	26	60	77	77	90	61	3	96	49	19	12	88	88	30	92	81	100	15	65	3	82	25	100	74	27	51	55	74	100	61	26	28	11	2	50	48	80	92	4	28	16	7	40	1	97	46	81	89	24	21	86	38	70	34	35	4	48	73	88	34	70	100	99	100	91	6	5	52	89	88	14	60	92	10	36	94	64	12	14	8	92	72	87	86	80	23	11
17	38	57	7	71	28	48	10	48	42	69	83	93	58	77	34	60	3	52	25	89	69	66	65	82	21	93	13	31	12	10	57	63	11	34	96	29	34	66	6	90	36	59	60	64	16	47	87	89	57	11	13	42	58	14	45	67	38	1	64	46	37	69	59	69	98	59	8	2	92	53	2	97	72	65	80	88	18	41	36	42	57	79	11	58	45	6	72	19	84	85	87	72	33	94	100	20	90	97	58	82	14	37	48	88	97	94	8	94	93	82	59	70	83	67	49	75	77	45	39	18	3	15	24	37	60	90	81
85	37	53	29	97	49	51	66	87	39	35	23	43	51	14	15	89	20	46	80	10	67	95	51	45	65	88	46	96	27	15	87	57	84	6	46	61	26	96	49	40	84	62	7	61	99	33	46	7	32	83	43	92	5	36	82	6	94	56	9	13	39	57	99	91	46	79	48	85	22	57	25	59	68	36	52	18	51	74	100	4	86	78	55	93	50	42	88	35	21	73	90	74	46	50	73	88	68	72	80	1	27	39	49	4	68	66	73	81	44	93	48	66	75	23	57	44	88	75	93	25	35	23	66	100	19	76	56
18	23	39	99	80	30	24	18	37	53	22	76	69	20	92	75	84	62	26	90	91	38	26	45	13	99	37	95	13	81	52	56	35	46	37	96	57	68	14	73	70	61	10	41	39	7	55	34	66	96	7	77	91	70	33	54	3	68	11	100	18	10	58	86	79	30	21	76	3	52	27	90	49	97	85	30	96	77	73	97	28	2	86	95	98	88	38	18	17	87	86	2	84	54	98	54	68	29	97	17	17	22	88	14	52	65	23	78	46	14	83	74	45	86	93	38	5	18	57	54	54	25	29	2	92	53	19	40
24	100	79	95	6	29	20	53	8	6	57	69	31	72	46	30	70	35	10	56	55	17	96	29	59	61	77	49	55	89	55	53	20	37	62	99	89	35	27	10	46	42	87	14	15	5	63	62	8	3	22	4	15	20	100	15	13	36	22	13	56	97	80	54	58	80	92	1	38	14	51	70	56	22	4	71	10	1	13	85	50	51	86	46	62	26	8	44	71	16	54	87	27	11	93	75	78	15	3	99	94	84	45	7	10	91	19	81	91	10	85	31	80	9	70	53	24	10	81	47	34	58	37	29	9	99	11	12
43	17	37	8	71	93	7	20	40	71	5	59	80	11	87	78	52	67	2	38	39	82	6	83	12	23	100	9	30	20	78	92	13	64	64	65	9	26	56	58	13	62	28	23	40	55	13	70	33	40	79	62	16	17	44	52	53	26	90	81	51	22	29	5	24	59	95	23	15	15	58	44	40	55	58	23	96	25	69	21	82	92	53	85	66	31	14	39	46	56	7	69	7	69	47	30	10	77	88	95	9	66	45	52	77	60	82	51	36	64	59	54	78	81	83	3	23	24	92	28	39	7	84	46	45	39	57	49
18	85	34	67	81	74	33	59	7	14	37	57	66	20	91	19	77	69	31	41	28	32	61	35	47	43	75	33	28	80	82	10	62	73	78	52	80	63	68	18	65	89	64	12	18	100	73	38	33	90	61	70	76	32	60	34	59	85	89	21	91	94	24	72	24	25	7	22	32	92	18	97	83	87	74	89	95	80	66	67	22	72	79	21	59	32	66	46	22	62	92	14	34	92	25	27	28	68	61	47	31	29	26	30	55	33	56	70	41	1	64	60	44	82	67	61	45	10	85	63	100	37	51	38	61	78	23	82
83	53	58	20	52	26	2	74	33	51	77	61	63	77	62	78	37	4	2	5	2	4	14	59	75	80	68	35	74	93	7	39	5	42	47	62	12	39	65	79	36	7	91	31	4	57	68	8	22	15	52	8	98	46	84	53	22	77	9	68	29	84	13	78	41	74	69	37	19	61	47	22	98	97	81	40	88	28	86	57	48	31	18	88	7	25	9	7	53	86	2	27	1	86	6	62	48	61	22	21	50	38	65	95	9	13	92	85	80	19	16	26	89	81	71	55	31	36	4	17	35	8	68	61	23	94	31	97
22	70	63	50	67	99	53	12	40	37	88	6	63	18	8	88	63	97	10	89	85	94	58	25	76	32	97	34	86	22	34	42	7	53	5	56	89	81	65	17	36	29	99	62	77	74	83	73	27	79	86	24	93	12	45	40	7	25	98	26	50	38	90	11	82	100	81	21	93	32	87	59	23	18	55	18	27	78	61	15	64	94	14	88	64	51	39	98	15	27	67	69	13	89	78	35	29	39	70	77	42	70	36	37	15	84	20	55	91	53	16	71	70	66	22	53	37	46	5	50	7	69	51	29	13	14	54	23
36	51	76	80	2	31	32	44	41	99	75	25	47	10	11	26	48	64	73	21	99	49	75	38	80	78	28	76	30	21	95	13	55	79	62	11	71	29	82	22	55	14	2	8	21	26	75	16	57	89	56	64	96	4	80	66	83	12	30	60	62	9	31	75	47	97	21	77	47	32	57	90	10	51	70	45	51	30	58	21	17	51	21	90	100	91	3	48	89	77	79	18	15	20	49	88	80	67	87	65	83	4	71	66	93	93	23	76	18	38	28	20	93	31	98	99	62	41	61	40	21	4	2	74	78	27	70	96
95	33	83	58	53	89	65	62	22	88	29	82	25	91	83	2	90	86	84	87	60	100	94	2	97	40	8	90	66	16	68	74	66	55	19	5	69	25	53	76	48	63	75	24	81	56	78	70	80	52	2	64	53	36	57	51	21	11	83	82	34	53	74	87	62	94	25	73	99	73	27	10	61	32	32	69	58	91	83	39	18	94	48	54	45	39	50	66	86	80	4	18	28	95	48	50	86	33	69	23	2	87	85	29	93	43	99	38	55	1	28	50	60	32	77	10	57	35	18	38	89	60	99	33	85	89	85	26
65	50	67	39	43	67	12	15	45	59	85	22	25	32	17	4	19	49	47	84	87	84	49	39	14	58	51	19	73	21	94	86	32	98	55	70	45	70	47	81	64	6	34	1	30	54	30	85	58	100	86	10	52	3	90	96	90	51	26	97	61	59	55	10	83	5	97	74	26	6	19	30	49	7	73	24	33	91	52	100	69	52	94	52	84	55	44	22	89	43	34	4	25	97	11	32	10	28	1	67	16	16	76	21	25	59	75	90	85	83	26	55	1	45	11	37	96	88	52	16	11	34	68	94	49	3	5	31
44	57	12	95	51	99	79	55	67	30	87	98	6	13	78	54	75	12	12	12	20	99	93	74	68	51	55	54	94	4	49	93	21	5	75	55	47	20	74	56	84	44	41	94	12	14	49	12	3	69	30	100	55	89	89	70	13	16	96	7	48	96	23	95	46	86	75	51	51	43	84	100	34	75	45	92	21	36	30	20	47	35	44	56	58	40	88	2	47	47	92	97	16	20	11	85	94	72	28	48	98	1	8	82	96	56	24	22	21	90	32	96	39	93	54	90	52	79	35	51	92	1	13	15	98	7	57	18
